{
	"class_name" : "PinholeCameraParameters",
	"extrinsic" : 
	[
		-0.46926850435232748,
		0.019534346245248049,
		0.88283944188040253,
		0.0,
		-0.71950531527112216,
		0.57115533356940895,
		-0.39508693503053283,
		0.0,
		-0.51195622090129234,
		-0.8206095260548637,
		-0.25397014318316874,
		0.0,
		0.56212115118845807,
		0.56293915730166466,
		1.6400037535644276,
		1.0
	],
	"intrinsic" : 
	{
		"height" : 600,
		"intrinsic_matrix" : 
		[
			519.6152422706632,
			0.0,
			0.0,
			0.0,
			519.6152422706632,
			0.0,
			399.5,
			299.5,
			1.0
		],
		"width" : 800
	},
	"version_major" : 1,
	"version_minor" : 0
}