{
	"class_name" : "PinholeCameraParameters",
	"extrinsic" : 
	[
		0.82205869647454921,
		-0.28015074164608855,
		0.49571671497510722,
		0.0,
		-0.54684746105187032,
		-0.1458331205698547,
		0.82443347535503531,
		0.0,
		-0.15867373409511829,
		-0.94881413506545365,
		-0.27308310677943248,
		0.0,
		-0.46219500305123973,
		0.86608081755438304,
		2.258043662907363,
		1.0
	],
	"intrinsic" : 
	{
		"height" : 600,
		"intrinsic_matrix" : 
		[
			519.6152422706632,
			0.0,
			0.0,
			0.0,
			519.6152422706632,
			0.0,
			399.5,
			299.5,
			1.0
		],
		"width" : 800
	},
	"version_major" : 1,
	"version_minor" : 0
}